{"schemaVersion":"1.0","appDefinitionTemplate":{"id":"/providers/Microsoft.PowerApps/apps/","type":"Microsoft.PowerApps/apps","tags":{"primaryDeviceWidth":"640","primaryDeviceHeight":"1136","supportsPortrait":"true","supportsLandscape":"true","primaryFormFactor":"Phone","showStatusBar":"false","publisherVersion":"3.24063.22","minimumRequiredApiVersion":"2.2.0","hasComponent":"false","hasUnlockedComponent":"false","isUnifiedRootApp":"false","sienaVersion":"20240707T012028Z-3.24063.22.0"},"properties":{"appVersion":"2024-07-07T01:20:28Z","lifeCycleId":"Published","createdByClientVersion":{"major":3,"minor":24063,"build":22,"revision":0,"majorRevision":0,"minorRevision":0},"minClientVersion":{"major":3,"minor":24063,"build":22,"revision":0,"majorRevision":0,"minorRevision":0},"backgroundColor":"rgba(52, 60, 63, 1)","backgroundImageUri":"/8309147965167345552/N789537e2-9076-4558-b818-44b4a87d4364-logoSmallFile","displayName":"Controle de SAC","description":"Esse aplicativo de SAC foi desenvolvido no Power Apps e oferece uma solução flexível e de baixo custo para empresas gerenciarem interações com clientes de forma eficaz. Com integração fácil a uma planilha Excel, permite criar interfaces personalizadas para registro de chamados, acompanhamento de tickets e análise de métricas de atendimento. Sua interface intuitiva e acessibilidade via dispositivos móveis garantem uma experiência fluida tanto para agentes quanto para clientes, melhorando a eficiência operacional e a satisfação geral.","commitMessage":"","appUris":{"documentUri":{"value":"/8309147965167345552/N80ef53bc-83fd-49b5-9b02-3d039feb7294-document.msapp"},"imageUris":[],"additionalUris":[{"isSolutionAware":false,"value":"/8309147965167345552/Nbae025ba-ecae-401f-8a06-7987045d074e-identity.json"}]},"createdTime":"0001-01-01T00:00:00Z","lastModifiedTime":"0001-01-01T00:00:00Z","sharedGroupsCount":0,"sharedUsersCount":0,"connectionReferences":{"ff8b9ba2-aaee-498f-bfa4-0ea31269866a":{"id":"e482fc97-a8f1-4ce9-8d17-c40e8ae2ba15","displayName":"Excel","iconUri":"https://connectoricons-prod.azureedge.net/releases/v1.0.1694/1.0.1694.3752/excel/icon.png","dataSources":["fOcorrencias"],"dependencies":["80dbf8ea-57cd-4a5c-bdc5-259314ae1e85"],"dependents":[],"parameterHints":{"80dbf8ea-57cd-4a5c-bdc5-259314ae1e85":{"value":"fileSource"}},"parameterHintsV2":{"fileSource":{"value":"80dbf8ea-57cd-4a5c-bdc5-259314ae1e85"}},"isOnPremiseConnection":false,"bypassConsent":false,"dataSets":{"b!LoFRlskSmkmVN9N3uHnN0JJ-rHYhJpBHqxfTy5ZLL51CDByobb6rTIqDgO9efRb3.01GE2V336OERFCMSP52FCIMFYFLLL672UL":{"dataSources":{"fOcorrencias":{"tableName":"fOcorrencias"}}}},"apiTier":"Standard","isCustomApiConnection":false,"actions":["providers/PowerPlatform.Governance/Operations/Read","providers/PowerPlatform.Governance/Operations/Write","providers/PowerPlatform.Governance/Operations/Delete"]},"80dbf8ea-57cd-4a5c-bdc5-259314ae1e85":{"id":"246a6280-72a4-4e1b-8ac6-ec80a760dfb3","displayName":"OneDrive for Business","iconUri":"https://connectoricons-prod.azureedge.net/releases/v1.0.1689/1.0.1689.3722/onedriveforbusiness/icon.png","dataSources":[],"dependencies":[],"dependents":["ff8b9ba2-aaee-498f-bfa4-0ea31269866a"],"parameterHints":{},"parameterHintsV2":{},"isOnPremiseConnection":false,"bypassConsent":false,"dataSets":{},"apiTier":"Standard","isCustomApiConnection":false},"2a4e3f10-5c5b-407e-be36-6541fab2fff6":{"id":"38cedd1d-a13f-45c1-a016-192d4324f654","displayName":"Office 365 Outlook","iconUri":"https://connectoricons-prod.azureedge.net/releases/v1.0.1686/1.0.1686.3706/office365/icon.png","dataSources":["Office365Outlook"],"dependencies":[],"dependents":[],"parameterHints":{},"parameterHintsV2":{},"isOnPremiseConnection":false,"bypassConsent":false,"dataSets":{},"apiTier":"Standard","isCustomApiConnection":false},"2d1ba138-38b2-48a0-b4c4-e1c82e1d99a0":{"id":"51e35f37-9e8f-4e6f-820c-e104fe9d983c","displayName":"Usuários do Office 365","iconUri":"https://connectoricons-prod.azureedge.net/releases/v1.0.1694/1.0.1694.3752/office365users/icon.png","dataSources":["UsuáriosdoOffice365"],"dependencies":[],"dependents":[],"parameterHints":{},"parameterHintsV2":{},"isOnPremiseConnection":false,"bypassConsent":false,"dataSets":{},"apiTier":"Standard","isCustomApiConnection":false}},"databaseReferences":{},"almMode":"Environment","performanceOptimizationEnabled":false,"canConsumeAppPass":false,"enableModernRuntimeMode":false,"executionRestrictions":{"isTeamsOnly":false,"dataLossPreventionEvaluationResult":{"status":"Compliant","lastEvaluationDate":"2024-07-03T02:31:38.8513095Z","violations":[],"violationsByPolicy":[],"violationErrorMessage":"O aplicativo usa os seguintes conectores: shared_excel, shared_onedriveforbusiness."}}},"appType":"ClassicCanvasApp","appComponents":[]}}